n_train,seed,reached,iter_rqi,max_rqi,final_train_acc,rqi_1000,rqi_5000,rqi_10000,rqi_20000,rqi_30000,rqi_40000,rqi_49999
30,16,0,49999,0.08571428571428572,1.0,0.071,0.057,0.057,0.057,0.057,0.057,0.057
30,13,0,49999,0.17142857142857143,1.0,0.143,0.171,0.171,0.171,0.171,0.171,0.171
35,6,0,49999,0.2,1.0,0.143,0.186,0.186,0.186,0.186,0.186,0.186
35,5,0,49999,0.14285714285714285,1.0,0.114,0.143,0.143,0.143,0.143,0.143,0.143
40,19,0,49999,0.42857142857142855,1.0,0.2,0.429,0.429,0.429,0.429,0.429,0.429
40,1,0,49999,0.37142857142857144,1.0,0.286,0.243,0.243,0.243,0.243,0.243,0.243
45,14,0,49999,0.37142857142857144,1.0,0.371,0.371,0.371,0.371,0.371,0.371,0.371
45,19,0,49999,0.21428571428571427,1.0,0.1,0.214,0.214,0.214,0.214,0.214,0.214
50,15,0,49999,0.5714285714285714,1.0,0.286,0.571,0.571,0.571,0.571,0.571,0.571
50,16,0,49999,0.22857142857142856,1.0,0.057,0.214,0.143,0.114,0.114,0.114,0.114
