n_train,fraction,runs,reached,frac_reached,median_steps,runs_dof2,reached_dof2,median_steps_dof2_given_reached,median_inv_lambda3_dof2
5,0.0909091,20,0,0,nan,0,0,nan,nan
10,0.181818,20,0,0,nan,0,0,nan,nan
15,0.272727,20,0,0,nan,0,0,nan,nan
20,0.363636,20,0,0,nan,2,0,nan,148.635
25,0.454545,20,2,0.1,nan,16,2,nan,92.1072
30,0.545455,20,3,0.15,nan,20,3,796,53.009
35,0.636364,20,6,0.3,nan,20,6,817,32.9618
40,0.727273,20,8,0.4,nan,20,8,813.5,24.4612
45,0.818182,20,13,0.65,892.5,20,13,833,16.8148
50,0.909091,20,18,0.9,978.5,20,18,971,14.7677
54,0.981818,20,20,1,935,20,20,935,11.9387
