setting,n_train,fraction,runs,reached,p_reached,ci_lo,ci_hi,reached_given_lambda3_pos,median_steps_successes
baseline,5,0.0909,20,0,0.0,0.0,0.161,0/0,nan
baseline,10,0.1818,20,0,0.0,0.0,0.161,0/0,nan
baseline,15,0.2727,20,0,0.0,0.0,0.161,0/0,nan
baseline,20,0.3636,20,0,0.0,0.0,0.161,0/2,nan
baseline,25,0.4545,20,2,0.1,0.028,0.301,2/16,1682.5
baseline,30,0.5455,20,3,0.15,0.052,0.36,3/20,796.0
baseline,35,0.6364,20,6,0.3,0.145,0.519,6/20,817.0
baseline,40,0.7273,20,8,0.4,0.219,0.613,8/20,813.5
baseline,45,0.8182,20,13,0.65,0.433,0.819,13/20,833.0
baseline,50,0.9091,20,18,0.9,0.699,0.972,18/20,971.0
baseline,54,0.9818,20,20,1.0,0.839,1.0,20/20,935.0
wd1,5,0.0909,20,0,0.0,0.0,0.161,0/0,nan
wd1,10,0.1818,20,0,0.0,0.0,0.161,0/0,nan
wd1,15,0.2727,20,0,0.0,0.0,0.161,0/0,nan
wd1,20,0.3636,20,0,0.0,0.0,0.161,0/2,nan
wd1,25,0.4545,20,2,0.1,0.028,0.301,2/16,1820.0
wd1,30,0.5455,20,3,0.15,0.052,0.36,3/20,828.0
wd1,35,0.6364,20,7,0.35,0.181,0.567,7/20,899.0
wd1,40,0.7273,20,8,0.4,0.219,0.613,8/20,845.0
wd1,45,0.8182,20,13,0.65,0.433,0.819,13/20,869.0
wd1,50,0.9091,20,18,0.9,0.699,0.972,18/20,989.0
wd1,54,0.9818,20,20,1.0,0.839,1.0,20/20,950.0
wd5,5,0.0909,20,0,0.0,0.0,0.161,0/0,nan
wd5,10,0.1818,20,0,0.0,0.0,0.161,0/0,nan
wd5,15,0.2727,20,0,0.0,0.0,0.161,0/0,nan
wd5,20,0.3636,20,0,0.0,0.0,0.161,0/2,nan
wd5,25,0.4545,20,2,0.1,0.028,0.301,2/16,5125.5
wd5,30,0.5455,20,4,0.2,0.081,0.416,4/20,1015.0
wd5,35,0.6364,20,7,0.35,0.181,0.567,7/20,1149.0
wd5,40,0.7273,20,8,0.4,0.219,0.613,8/20,1078.0
wd5,45,0.8182,20,13,0.65,0.433,0.819,13/20,1069.0
wd5,50,0.9091,20,20,1.0,0.839,1.0,20/20,1262.0
wd5,54,0.9818,20,20,1.0,0.839,1.0,20/20,1117.0
