n_train,seed,dof_authors,dof_ours,agree
3,0,10,10,1
3,1,10,10,1
3,2,10,10,1
3,3,9,9,1
3,4,10,10,1
3,5,10,10,1
3,6,10,10,1
3,7,10,10,1
3,8,10,10,1
3,9,10,10,1
3,10,10,10,1
3,11,9,9,1
3,12,10,10,1
3,13,10,10,1
3,14,10,10,1
3,15,10,10,1
3,16,10,10,1
3,17,10,10,1
3,18,10,10,1
3,19,10,10,1
3,20,10,10,1
3,21,10,10,1
3,22,10,10,1
3,23,10,10,1
3,24,10,10,1
3,25,10,10,1
3,26,10,10,1
3,27,10,10,1
3,28,10,10,1
3,29,10,10,1
3,30,10,10,1
3,31,10,10,1
3,32,10,10,1
3,33,10,10,1
3,34,9,9,1
3,35,10,10,1
3,36,10,10,1
3,37,10,10,1
3,38,10,10,1
3,39,9,9,1
3,40,10,10,1
3,41,10,10,1
3,42,9,9,1
3,43,10,10,1
3,44,10,10,1
3,45,10,10,1
3,46,10,10,1
3,47,10,10,1
3,48,10,10,1
3,49,10,10,1
3,50,10,10,1
3,51,10,10,1
3,52,10,10,1
3,53,10,10,1
3,54,10,10,1
3,55,9,9,1
3,56,10,10,1
3,57,10,10,1
3,58,10,10,1
3,59,10,10,1
3,60,10,10,1
3,61,9,9,1
3,62,10,10,1
3,63,10,10,1
3,64,10,10,1
3,65,10,10,1
3,66,10,10,1
3,67,9,9,1
3,68,9,9,1
3,69,10,10,1
3,70,10,10,1
3,71,10,10,1
3,72,10,10,1
3,73,10,10,1
3,74,10,10,1
3,75,9,9,1
3,76,10,10,1
3,77,10,10,1
3,78,9,9,1
3,79,10,10,1
3,80,10,10,1
3,81,10,10,1
3,82,10,10,1
3,83,9,9,1
3,84,10,10,1
3,85,10,10,1
3,86,10,10,1
3,87,9,9,1
3,88,10,10,1
3,89,10,10,1
3,90,10,10,1
3,91,10,10,1
3,92,10,10,1
3,93,10,10,1
3,94,10,10,1
3,95,9,9,1
3,96,9,9,1
3,97,10,10,1
3,98,10,10,1
3,99,9,9,1
6,0,9,9,1
6,1,8,8,1
6,2,10,10,1
6,3,8,8,1
6,4,9,9,1
6,5,9,9,1
6,6,10,10,1
6,7,10,10,1
6,8,10,10,1
6,9,10,10,1
6,10,9,9,1
6,11,8,8,1
6,12,10,10,1
6,13,10,10,1
6,14,9,9,1
6,15,9,9,1
6,16,10,10,1
6,17,9,9,1
6,18,9,9,1
6,19,9,9,1
6,20,10,10,1
6,21,10,10,1
6,22,9,9,1
6,23,7,7,1
6,24,9,9,1
6,25,9,9,1
6,26,10,10,1
6,27,9,9,1
6,28,8,8,1
6,29,10,10,1
6,30,9,9,1
6,31,9,9,1
6,32,10,10,1
6,33,9,9,1
6,34,8,8,1
6,35,9,9,1
6,36,9,9,1
6,37,10,10,1
6,38,10,10,1
6,39,9,9,1
6,40,9,9,1
6,41,8,8,1
6,42,9,9,1
6,43,9,9,1
6,44,9,9,1
6,45,9,9,1
6,46,9,9,1
6,47,10,10,1
6,48,9,9,1
6,49,9,9,1
6,50,9,9,1
6,51,9,9,1
6,52,9,9,1
6,53,9,9,1
6,54,9,9,1
6,55,8,8,1
6,56,9,9,1
6,57,9,9,1
6,58,10,10,1
6,59,10,10,1
6,60,9,9,1
6,61,8,8,1
6,62,10,10,1
6,63,10,10,1
6,64,9,9,1
6,65,8,8,1
6,66,10,10,1
6,67,8,8,1
6,68,9,9,1
6,69,10,10,1
6,70,9,9,1
6,71,10,10,1
6,72,10,10,1
6,73,10,10,1
6,74,9,9,1
6,75,9,9,1
6,76,9,9,1
6,77,10,10,1
6,78,9,9,1
6,79,10,10,1
6,80,10,10,1
6,81,9,9,1
6,82,8,8,1
6,83,9,9,1
6,84,10,10,1
6,85,9,9,1
6,86,10,10,1
6,87,9,9,1
6,88,9,9,1
6,89,9,9,1
6,90,9,9,1
6,91,10,10,1
6,92,10,10,1
6,93,8,8,1
6,94,10,10,1
6,95,8,8,1
6,96,9,9,1
6,97,9,9,1
6,98,9,9,1
6,99,9,9,1
9,0,8,8,1
9,1,7,7,1
9,2,9,9,1
9,3,8,8,1
9,4,7,7,1
9,5,8,8,1
9,6,9,9,1
9,7,10,10,1
9,8,8,8,1
9,9,9,9,1
9,10,8,8,1
9,11,7,7,1
9,12,9,9,1
9,13,10,10,1
9,14,8,8,1
9,15,8,8,1
9,16,7,7,1
9,17,9,9,1
9,18,9,9,1
9,19,7,7,1
9,20,9,9,1
9,21,8,8,1
9,22,8,8,1
9,23,5,5,1
9,24,9,9,1
9,25,7,7,1
9,26,9,9,1
9,27,9,9,1
9,28,6,6,1
9,29,9,9,1
9,30,8,8,1
9,31,9,9,1
9,32,10,10,1
9,33,9,9,1
9,34,7,7,1
9,35,9,9,1
9,36,8,8,1
9,37,7,7,1
9,38,9,9,1
9,39,9,9,1
9,40,8,8,1
9,41,6,6,1
9,42,8,8,1
9,43,8,8,1
9,44,7,7,1
9,45,8,8,1
9,46,9,9,1
9,47,9,9,1
9,48,8,8,1
9,49,9,9,1
9,50,9,9,1
9,51,9,9,1
9,52,9,9,1
9,53,7,7,1
9,54,8,8,1
9,55,8,8,1
9,56,8,8,1
9,57,9,9,1
9,58,10,10,1
9,59,8,8,1
9,60,7,7,1
9,61,7,7,1
9,62,9,9,1
9,63,9,9,1
9,64,8,8,1
9,65,7,7,1
9,66,9,9,1
9,67,8,8,1
9,68,8,8,1
9,69,10,10,1
9,70,9,9,1
9,71,9,9,1
9,72,8,8,1
9,73,8,8,1
9,74,8,8,1
9,75,8,8,1
9,76,9,9,1
9,77,9,9,1
9,78,7,7,1
9,79,9,9,1
9,80,10,10,1
9,81,9,9,1
9,82,6,6,1
9,83,8,8,1
9,84,10,10,1
9,85,9,9,1
9,86,10,10,1
9,87,8,8,1
9,88,8,8,1
9,89,8,8,1
9,90,7,7,1
9,91,9,9,1
9,92,9,9,1
9,93,7,7,1
9,94,8,8,1
9,95,7,7,1
9,96,7,7,1
9,97,8,8,1
9,98,9,9,1
9,99,8,8,1
12,0,8,8,1
12,1,6,6,1
12,2,9,9,1
12,3,7,7,1
12,4,7,7,1
12,5,8,8,1
12,6,8,8,1
12,7,8,8,1
12,8,8,8,1
12,9,7,7,1
12,10,7,7,1
12,11,7,7,1
12,12,7,7,1
12,13,9,9,1
12,14,6,6,1
12,15,6,6,1
12,16,6,6,1
12,17,9,9,1
12,18,7,7,1
12,19,5,5,1
12,20,7,7,1
12,21,7,7,1
12,22,7,7,1
12,23,4,4,1
12,24,9,9,1
12,25,6,6,1
12,26,8,8,1
12,27,7,7,1
12,28,5,5,1
12,29,8,8,1
12,30,7,7,1
12,31,7,7,1
12,32,9,9,1
12,33,8,8,1
12,34,7,7,1
12,35,8,8,1
12,36,8,8,1
12,37,5,5,1
12,38,8,8,1
12,39,9,9,1
12,40,7,7,1
12,41,6,6,1
12,42,7,7,1
12,43,8,8,1
12,44,7,7,1
12,45,7,7,1
12,46,8,8,1
12,47,7,7,1
12,48,6,6,1
12,49,8,8,1
12,50,8,8,1
12,51,7,7,1
12,52,8,8,1
12,53,5,5,1
12,54,8,8,1
12,55,7,7,1
12,56,7,7,1
12,57,7,7,1
12,58,10,10,1
12,59,6,6,1
12,60,6,6,1
12,61,5,5,1
12,62,7,7,1
12,63,8,8,1
12,64,8,8,1
12,65,6,6,1
12,66,8,8,1
12,67,8,8,1
12,68,7,7,1
12,69,8,8,1
12,70,7,7,1
12,71,8,8,1
12,72,5,5,1
12,73,8,8,1
12,74,6,6,1
12,75,6,6,1
12,76,8,8,1
12,77,7,7,1
12,78,7,7,1
12,79,8,8,1
12,80,8,8,1
12,81,7,7,1
12,82,5,5,1
12,83,6,6,1
12,84,9,9,1
12,85,8,8,1
12,86,9,9,1
12,87,7,7,1
12,88,7,7,1
12,89,7,7,1
12,90,6,6,1
12,91,8,8,1
12,92,6,6,1
12,93,6,6,1
12,94,8,8,1
12,95,6,6,1
12,96,6,6,1
12,97,6,6,1
12,98,7,7,1
12,99,7,7,1
15,0,6,6,1
15,1,5,5,1
15,2,7,7,1
15,3,5,5,1
15,4,7,7,1
15,5,5,5,1
15,6,5,5,1
15,7,7,7,1
15,8,7,7,1
15,9,6,6,1
15,10,4,4,1
15,11,5,5,1
15,12,6,6,1
15,13,7,7,1
15,14,4,4,1
15,15,5,5,1
15,16,5,5,1
15,17,8,8,1
15,18,6,6,1
15,19,3,3,1
15,20,5,5,1
15,21,5,5,1
15,22,6,6,1
15,23,3,3,1
15,24,7,7,1
15,25,5,5,1
15,26,6,6,1
15,27,6,6,1
15,28,5,5,1
15,29,8,8,1
15,30,5,5,1
15,31,6,6,1
15,32,7,7,1
15,33,6,6,1
15,34,5,5,1
15,35,5,5,1
15,36,6,6,1
15,37,4,4,1
15,38,7,7,1
15,39,7,7,1
15,40,5,5,1
15,41,5,5,1
15,42,6,6,1
15,43,7,7,1
15,44,7,7,1
15,45,5,5,1
15,46,8,8,1
15,47,5,5,1
15,48,5,5,1
15,49,6,6,1
15,50,6,6,1
15,51,7,7,1
15,52,6,6,1
15,53,4,4,1
15,54,7,7,1
15,55,6,6,1
15,56,6,6,1
15,57,5,5,1
15,58,9,9,1
15,59,5,5,1
15,60,6,6,1
15,61,4,4,1
15,62,6,6,1
15,63,7,7,1
15,64,7,7,1
15,65,5,5,1
15,66,6,6,1
15,67,8,8,1
15,68,5,5,1
15,69,6,6,1
15,70,5,5,1
15,71,5,5,1
15,72,4,4,1
15,73,6,6,1
15,74,5,5,1
15,75,4,4,1
15,76,6,6,1
15,77,5,5,1
15,78,6,6,1
15,79,6,6,1
15,80,6,6,1
15,81,6,6,1
15,82,4,4,1
15,83,6,6,1
15,84,8,8,1
15,85,6,6,1
15,86,8,8,1
15,87,5,5,1
15,88,5,5,1
15,89,6,6,1
15,90,5,5,1
15,91,6,6,1
15,92,4,4,1
15,93,4,4,1
15,94,6,6,1
15,95,6,6,1
15,96,3,3,1
15,97,5,5,1
15,98,7,7,1
15,99,6,6,1
18,0,5,5,1
18,1,4,4,1
18,2,4,4,1
18,3,4,4,1
18,4,5,5,1
18,5,4,4,1
18,6,3,3,1
18,7,4,4,1
18,8,6,6,1
18,9,5,5,1
18,10,3,3,1
18,11,5,5,1
18,12,5,5,1
18,13,4,4,1
18,14,3,3,1
18,15,3,3,1
18,16,4,4,1
18,17,5,5,1
18,18,5,5,1
18,19,3,3,1
18,20,4,4,1
18,21,3,3,1
18,22,3,3,1
18,23,2,2,1
18,24,5,5,1
18,25,3,3,1
18,26,6,6,1
18,27,4,4,1
18,28,4,4,1
18,29,6,6,1
18,30,3,3,1
18,31,5,5,1
18,32,6,6,1
18,33,4,4,1
18,34,5,5,1
18,35,3,3,1
18,36,4,4,1
18,37,4,4,1
18,38,4,4,1
18,39,5,5,1
18,40,3,3,1
18,41,5,5,1
18,42,4,4,1
18,43,5,5,1
18,44,6,6,1
18,45,5,5,1
18,46,6,6,1
18,47,3,3,1
18,48,3,3,1
18,49,5,5,1
18,50,3,3,1
18,51,6,6,1
18,52,3,3,1
18,53,2,2,1
18,54,4,4,1
18,55,4,4,1
18,56,4,4,1
18,57,3,3,1
18,58,8,8,1
18,59,4,4,1
18,60,5,5,1
18,61,3,3,1
18,62,4,4,1
18,63,5,5,1
18,64,5,5,1
18,65,3,3,1
18,66,5,5,1
18,67,7,7,1
18,68,4,4,1
18,69,6,6,1
18,70,4,4,1
18,71,4,4,1
18,72,4,4,1
18,73,4,4,1
18,74,4,4,1
18,75,4,4,1
18,76,5,5,1
18,77,4,4,1
18,78,4,4,1
18,79,4,4,1
18,80,4,4,1
18,81,5,5,1
18,82,3,3,1
18,83,5,5,1
18,84,7,7,1
18,85,4,4,1
18,86,6,6,1
18,87,3,3,1
18,88,3,3,1
18,89,4,4,1
18,90,3,3,1
18,91,5,5,1
18,92,4,4,1
18,93,3,3,1
18,94,5,5,1
18,95,5,5,1
18,96,3,3,1
18,97,3,3,1
18,98,5,5,1
18,99,4,4,1
21,0,4,4,1
21,1,4,4,1
21,2,3,3,1
21,3,2,2,1
21,4,4,4,1
21,5,3,3,1
21,6,2,2,1
21,7,2,2,1
21,8,5,5,1
21,9,4,4,1
21,10,3,3,1
21,11,3,3,1
21,12,3,3,1
21,13,3,3,1
21,14,2,2,1
21,15,3,3,1
21,16,2,2,1
21,17,2,2,1
21,18,4,4,1
21,19,3,3,1
21,20,3,3,1
21,21,2,2,1
21,22,2,2,1
21,23,2,2,1
21,24,5,5,1
21,25,3,3,1
21,26,3,3,1
21,27,3,3,1
21,28,4,4,1
21,29,4,4,1
21,30,2,2,1
21,31,4,4,1
21,32,5,5,1
21,33,3,3,1
21,34,4,4,1
21,35,2,2,1
21,36,3,3,1
21,37,4,4,1
21,38,4,4,1
21,39,3,3,1
21,40,2,2,1
21,41,4,4,1
21,42,4,4,1
21,43,3,3,1
21,44,3,3,1
21,45,4,4,1
21,46,6,6,1
21,47,2,2,1
21,48,3,3,1
21,49,4,4,1
21,50,2,2,1
21,51,4,4,1
21,52,2,2,1
21,53,2,2,1
21,54,4,4,1
21,55,3,3,1
21,56,4,4,1
21,57,2,2,1
21,58,5,5,1
21,59,2,2,1
21,60,3,3,1
21,61,3,3,1
21,62,3,3,1
21,63,3,3,1
21,64,3,3,1
21,65,2,2,1
21,66,3,3,1
21,67,5,5,1
21,68,3,3,1
21,69,4,4,1
21,70,3,3,1
21,71,2,2,1
21,72,2,2,1
21,73,3,3,1
21,74,3,3,1
21,75,3,3,1
21,76,4,4,1
21,77,2,2,1
21,78,3,3,1
21,79,2,2,1
21,80,3,3,1
21,81,3,3,1
21,82,2,2,1
21,83,3,3,1
21,84,5,5,1
21,85,4,4,1
21,86,4,4,1
21,87,2,2,1
21,88,3,3,1
21,89,3,3,1
21,90,2,2,1
21,91,4,4,1
21,92,3,3,1
21,93,2,2,1
21,94,3,3,1
21,95,4,4,1
21,96,3,3,1
21,97,2,2,1
21,98,3,3,1
21,99,3,3,1
24,0,2,2,1
24,1,3,3,1
24,2,2,2,1
24,3,2,2,1
24,4,3,3,1
24,5,2,2,1
24,6,2,2,1
24,7,2,2,1
24,8,3,3,1
24,9,2,2,1
24,10,2,2,1
24,11,2,2,1
24,12,3,3,1
24,13,3,3,1
24,14,2,2,1
24,15,3,3,1
24,16,2,2,1
24,17,2,2,1
24,18,2,2,1
24,19,2,2,1
24,20,2,2,1
24,21,2,2,1
24,22,2,2,1
24,23,2,2,1
24,24,3,3,1
24,25,2,2,1
24,26,2,2,1
24,27,3,3,1
24,28,2,2,1
24,29,2,2,1
24,30,2,2,1
24,31,2,2,1
24,32,4,4,1
24,33,3,3,1
24,34,2,2,1
24,35,2,2,1
24,36,2,2,1
24,37,2,2,1
24,38,2,2,1
24,39,2,2,1
24,40,2,2,1
24,41,3,3,1
24,42,2,2,1
24,43,2,2,1
24,44,3,3,1
24,45,2,2,1
24,46,4,4,1
24,47,2,2,1
24,48,3,3,1
24,49,2,2,1
24,50,2,2,1
24,51,3,3,1
24,52,2,2,1
24,53,2,2,1
24,54,3,3,1
24,55,2,2,1
24,56,4,4,1
24,57,2,2,1
24,58,3,3,1
24,59,2,2,1
24,60,2,2,1
24,61,2,2,1
24,62,3,3,1
24,63,2,2,1
24,64,3,3,1
24,65,2,2,1
24,66,2,2,1
24,67,3,3,1
24,68,3,3,1
24,69,2,2,1
24,70,2,2,1
24,71,2,2,1
24,72,2,2,1
24,73,3,3,1
24,74,2,2,1
24,75,2,2,1
24,76,2,2,1
24,77,2,2,1
24,78,2,2,1
24,79,2,2,1
24,80,2,2,1
24,81,3,3,1
24,82,2,2,1
24,83,2,2,1
24,84,3,3,1
24,85,2,2,1
24,86,2,2,1
24,87,2,2,1
24,88,3,3,1
24,89,2,2,1
24,90,2,2,1
24,91,3,3,1
24,92,2,2,1
24,93,2,2,1
24,94,2,2,1
24,95,2,2,1
24,96,2,2,1
24,97,2,2,1
24,98,3,3,1
24,99,2,2,1
27,0,2,2,1
27,1,2,2,1
27,2,2,2,1
27,3,2,2,1
27,4,2,2,1
27,5,2,2,1
27,6,2,2,1
27,7,2,2,1
27,8,2,2,1
27,9,2,2,1
27,10,2,2,1
27,11,2,2,1
27,12,2,2,1
27,13,3,3,1
27,14,2,2,1
27,15,2,2,1
27,16,2,2,1
27,17,2,2,1
27,18,2,2,1
27,19,2,2,1
27,20,2,2,1
27,21,2,2,1
27,22,2,2,1
27,23,2,2,1
27,24,2,2,1
27,25,2,2,1
27,26,2,2,1
27,27,2,2,1
27,28,2,2,1
27,29,2,2,1
27,30,2,2,1
27,31,2,2,1
27,32,3,3,1
27,33,2,2,1
27,34,2,2,1
27,35,2,2,1
27,36,2,2,1
27,37,2,2,1
27,38,2,2,1
27,39,2,2,1
27,40,2,2,1
27,41,2,2,1
27,42,2,2,1
27,43,2,2,1
27,44,2,2,1
27,45,2,2,1
27,46,2,2,1
27,47,2,2,1
27,48,3,3,1
27,49,2,2,1
27,50,2,2,1
27,51,3,3,1
27,52,2,2,1
27,53,2,2,1
27,54,2,2,1
27,55,2,2,1
27,56,3,3,1
27,57,2,2,1
27,58,2,2,1
27,59,2,2,1
27,60,2,2,1
27,61,2,2,1
27,62,3,3,1
27,63,2,2,1
27,64,2,2,1
27,65,2,2,1
27,66,2,2,1
27,67,2,2,1
27,68,3,3,1
27,69,2,2,1
27,70,2,2,1
27,71,2,2,1
27,72,2,2,1
27,73,2,2,1
27,74,2,2,1
27,75,2,2,1
27,76,2,2,1
27,77,2,2,1
27,78,2,2,1
27,79,2,2,1
27,80,2,2,1
27,81,2,2,1
27,82,2,2,1
27,83,2,2,1
27,84,2,2,1
27,85,2,2,1
27,86,2,2,1
27,87,2,2,1
27,88,3,3,1
27,89,2,2,1
27,90,2,2,1
27,91,3,3,1
27,92,2,2,1
27,93,2,2,1
27,94,2,2,1
27,95,2,2,1
27,96,2,2,1
27,97,2,2,1
27,98,2,2,1
27,99,2,2,1
30,0,2,2,1
30,1,2,2,1
30,2,2,2,1
30,3,2,2,1
30,4,2,2,1
30,5,2,2,1
30,6,2,2,1
30,7,2,2,1
30,8,2,2,1
30,9,2,2,1
30,10,2,2,1
30,11,2,2,1
30,12,2,2,1
30,13,2,2,1
30,14,2,2,1
30,15,2,2,1
30,16,2,2,1
30,17,2,2,1
30,18,2,2,1
30,19,2,2,1
30,20,2,2,1
30,21,2,2,1
30,22,2,2,1
30,23,2,2,1
30,24,2,2,1
30,25,2,2,1
30,26,2,2,1
30,27,2,2,1
30,28,2,2,1
30,29,2,2,1
30,30,2,2,1
30,31,2,2,1
30,32,2,2,1
30,33,2,2,1
30,34,2,2,1
30,35,2,2,1
30,36,2,2,1
30,37,2,2,1
30,38,2,2,1
30,39,2,2,1
30,40,2,2,1
30,41,2,2,1
30,42,2,2,1
30,43,2,2,1
30,44,2,2,1
30,45,2,2,1
30,46,2,2,1
30,47,2,2,1
30,48,2,2,1
30,49,2,2,1
30,50,2,2,1
30,51,2,2,1
30,52,2,2,1
30,53,2,2,1
30,54,2,2,1
30,55,2,2,1
30,56,2,2,1
30,57,2,2,1
30,58,2,2,1
30,59,2,2,1
30,60,2,2,1
30,61,2,2,1
30,62,3,3,1
30,63,2,2,1
30,64,2,2,1
30,65,2,2,1
30,66,2,2,1
30,67,2,2,1
30,68,3,3,1
30,69,2,2,1
30,70,2,2,1
30,71,2,2,1
30,72,2,2,1
30,73,2,2,1
30,74,2,2,1
30,75,2,2,1
30,76,2,2,1
30,77,2,2,1
30,78,2,2,1
30,79,2,2,1
30,80,2,2,1
30,81,2,2,1
30,82,2,2,1
30,83,2,2,1
30,84,2,2,1
30,85,2,2,1
30,86,2,2,1
30,87,2,2,1
30,88,2,2,1
30,89,2,2,1
30,90,2,2,1
30,91,2,2,1
30,92,2,2,1
30,93,2,2,1
30,94,2,2,1
30,95,2,2,1
30,96,2,2,1
30,97,2,2,1
30,98,2,2,1
30,99,2,2,1
33,0,2,2,1
33,1,2,2,1
33,2,2,2,1
33,3,2,2,1
33,4,2,2,1
33,5,2,2,1
33,6,2,2,1
33,7,2,2,1
33,8,2,2,1
33,9,2,2,1
33,10,2,2,1
33,11,2,2,1
33,12,2,2,1
33,13,2,2,1
33,14,2,2,1
33,15,2,2,1
33,16,2,2,1
33,17,2,2,1
33,18,2,2,1
33,19,2,2,1
33,20,2,2,1
33,21,2,2,1
33,22,2,2,1
33,23,2,2,1
33,24,2,2,1
33,25,2,2,1
33,26,2,2,1
33,27,2,2,1
33,28,2,2,1
33,29,2,2,1
33,30,2,2,1
33,31,2,2,1
33,32,2,2,1
33,33,2,2,1
33,34,2,2,1
33,35,2,2,1
33,36,2,2,1
33,37,2,2,1
33,38,2,2,1
33,39,2,2,1
33,40,2,2,1
33,41,2,2,1
33,42,2,2,1
33,43,2,2,1
33,44,2,2,1
33,45,2,2,1
33,46,2,2,1
33,47,2,2,1
33,48,2,2,1
33,49,2,2,1
33,50,2,2,1
33,51,2,2,1
33,52,2,2,1
33,53,2,2,1
33,54,2,2,1
33,55,2,2,1
33,56,2,2,1
33,57,2,2,1
33,58,2,2,1
33,59,2,2,1
33,60,2,2,1
33,61,2,2,1
33,62,2,2,1
33,63,2,2,1
33,64,2,2,1
33,65,2,2,1
33,66,2,2,1
33,67,2,2,1
33,68,2,2,1
33,69,2,2,1
33,70,2,2,1
33,71,2,2,1
33,72,2,2,1
33,73,2,2,1
33,74,2,2,1
33,75,2,2,1
33,76,2,2,1
33,77,2,2,1
33,78,2,2,1
33,79,2,2,1
33,80,2,2,1
33,81,2,2,1
33,82,2,2,1
33,83,2,2,1
33,84,2,2,1
33,85,2,2,1
33,86,2,2,1
33,87,2,2,1
33,88,2,2,1
33,89,2,2,1
33,90,2,2,1
33,91,2,2,1
33,92,2,2,1
33,93,2,2,1
33,94,2,2,1
33,95,2,2,1
33,96,2,2,1
33,97,2,2,1
33,98,2,2,1
33,99,2,2,1
36,0,2,2,1
36,1,2,2,1
36,2,2,2,1
36,3,2,2,1
36,4,2,2,1
36,5,2,2,1
36,6,2,2,1
36,7,2,2,1
36,8,2,2,1
36,9,2,2,1
36,10,2,2,1
36,11,2,2,1
36,12,2,2,1
36,13,2,2,1
36,14,2,2,1
36,15,2,2,1
36,16,2,2,1
36,17,2,2,1
36,18,2,2,1
36,19,2,2,1
36,20,2,2,1
36,21,2,2,1
36,22,2,2,1
36,23,2,2,1
36,24,2,2,1
36,25,2,2,1
36,26,2,2,1
36,27,2,2,1
36,28,2,2,1
36,29,2,2,1
36,30,2,2,1
36,31,2,2,1
36,32,2,2,1
36,33,2,2,1
36,34,2,2,1
36,35,2,2,1
36,36,2,2,1
36,37,2,2,1
36,38,2,2,1
36,39,2,2,1
36,40,2,2,1
36,41,2,2,1
36,42,2,2,1
36,43,2,2,1
36,44,2,2,1
36,45,2,2,1
36,46,2,2,1
36,47,2,2,1
36,48,2,2,1
36,49,2,2,1
36,50,2,2,1
36,51,2,2,1
36,52,2,2,1
36,53,2,2,1
36,54,2,2,1
36,55,2,2,1
36,56,2,2,1
36,57,2,2,1
36,58,2,2,1
36,59,2,2,1
36,60,2,2,1
36,61,2,2,1
36,62,2,2,1
36,63,2,2,1
36,64,2,2,1
36,65,2,2,1
36,66,2,2,1
36,67,2,2,1
36,68,2,2,1
36,69,2,2,1
36,70,2,2,1
36,71,2,2,1
36,72,2,2,1
36,73,2,2,1
36,74,2,2,1
36,75,2,2,1
36,76,2,2,1
36,77,2,2,1
36,78,2,2,1
36,79,2,2,1
36,80,2,2,1
36,81,2,2,1
36,82,2,2,1
36,83,2,2,1
36,84,2,2,1
36,85,2,2,1
36,86,2,2,1
36,87,2,2,1
36,88,2,2,1
36,89,2,2,1
36,90,2,2,1
36,91,2,2,1
36,92,2,2,1
36,93,2,2,1
36,94,2,2,1
36,95,2,2,1
36,96,2,2,1
36,97,2,2,1
36,98,2,2,1
36,99,2,2,1
39,0,2,2,1
39,1,2,2,1
39,2,2,2,1
39,3,2,2,1
39,4,2,2,1
39,5,2,2,1
39,6,2,2,1
39,7,2,2,1
39,8,2,2,1
39,9,2,2,1
39,10,2,2,1
39,11,2,2,1
39,12,2,2,1
39,13,2,2,1
39,14,2,2,1
39,15,2,2,1
39,16,2,2,1
39,17,2,2,1
39,18,2,2,1
39,19,2,2,1
39,20,2,2,1
39,21,2,2,1
39,22,2,2,1
39,23,2,2,1
39,24,2,2,1
39,25,2,2,1
39,26,2,2,1
39,27,2,2,1
39,28,2,2,1
39,29,2,2,1
39,30,2,2,1
39,31,2,2,1
39,32,2,2,1
39,33,2,2,1
39,34,2,2,1
39,35,2,2,1
39,36,2,2,1
39,37,2,2,1
39,38,2,2,1
39,39,2,2,1
39,40,2,2,1
39,41,2,2,1
39,42,2,2,1
39,43,2,2,1
39,44,2,2,1
39,45,2,2,1
39,46,2,2,1
39,47,2,2,1
39,48,2,2,1
39,49,2,2,1
39,50,2,2,1
39,51,2,2,1
39,52,2,2,1
39,53,2,2,1
39,54,2,2,1
39,55,2,2,1
39,56,2,2,1
39,57,2,2,1
39,58,2,2,1
39,59,2,2,1
39,60,2,2,1
39,61,2,2,1
39,62,2,2,1
39,63,2,2,1
39,64,2,2,1
39,65,2,2,1
39,66,2,2,1
39,67,2,2,1
39,68,2,2,1
39,69,2,2,1
39,70,2,2,1
39,71,2,2,1
39,72,2,2,1
39,73,2,2,1
39,74,2,2,1
39,75,2,2,1
39,76,2,2,1
39,77,2,2,1
39,78,2,2,1
39,79,2,2,1
39,80,2,2,1
39,81,2,2,1
39,82,2,2,1
39,83,2,2,1
39,84,2,2,1
39,85,2,2,1
39,86,2,2,1
39,87,2,2,1
39,88,2,2,1
39,89,2,2,1
39,90,2,2,1
39,91,2,2,1
39,92,2,2,1
39,93,2,2,1
39,94,2,2,1
39,95,2,2,1
39,96,2,2,1
39,97,2,2,1
39,98,2,2,1
39,99,2,2,1
42,0,2,2,1
42,1,2,2,1
42,2,2,2,1
42,3,2,2,1
42,4,2,2,1
42,5,2,2,1
42,6,2,2,1
42,7,2,2,1
42,8,2,2,1
42,9,2,2,1
42,10,2,2,1
42,11,2,2,1
42,12,2,2,1
42,13,2,2,1
42,14,2,2,1
42,15,2,2,1
42,16,2,2,1
42,17,2,2,1
42,18,2,2,1
42,19,2,2,1
42,20,2,2,1
42,21,2,2,1
42,22,2,2,1
42,23,2,2,1
42,24,2,2,1
42,25,2,2,1
42,26,2,2,1
42,27,2,2,1
42,28,2,2,1
42,29,2,2,1
42,30,2,2,1
42,31,2,2,1
42,32,2,2,1
42,33,2,2,1
42,34,2,2,1
42,35,2,2,1
42,36,2,2,1
42,37,2,2,1
42,38,2,2,1
42,39,2,2,1
42,40,2,2,1
42,41,2,2,1
42,42,2,2,1
42,43,2,2,1
42,44,2,2,1
42,45,2,2,1
42,46,2,2,1
42,47,2,2,1
42,48,2,2,1
42,49,2,2,1
42,50,2,2,1
42,51,2,2,1
42,52,2,2,1
42,53,2,2,1
42,54,2,2,1
42,55,2,2,1
42,56,2,2,1
42,57,2,2,1
42,58,2,2,1
42,59,2,2,1
42,60,2,2,1
42,61,2,2,1
42,62,2,2,1
42,63,2,2,1
42,64,2,2,1
42,65,2,2,1
42,66,2,2,1
42,67,2,2,1
42,68,2,2,1
42,69,2,2,1
42,70,2,2,1
42,71,2,2,1
42,72,2,2,1
42,73,2,2,1
42,74,2,2,1
42,75,2,2,1
42,76,2,2,1
42,77,2,2,1
42,78,2,2,1
42,79,2,2,1
42,80,2,2,1
42,81,2,2,1
42,82,2,2,1
42,83,2,2,1
42,84,2,2,1
42,85,2,2,1
42,86,2,2,1
42,87,2,2,1
42,88,2,2,1
42,89,2,2,1
42,90,2,2,1
42,91,2,2,1
42,92,2,2,1
42,93,2,2,1
42,94,2,2,1
42,95,2,2,1
42,96,2,2,1
42,97,2,2,1
42,98,2,2,1
42,99,2,2,1
45,0,2,2,1
45,1,2,2,1
45,2,2,2,1
45,3,2,2,1
45,4,2,2,1
45,5,2,2,1
45,6,2,2,1
45,7,2,2,1
45,8,2,2,1
45,9,2,2,1
45,10,2,2,1
45,11,2,2,1
45,12,2,2,1
45,13,2,2,1
45,14,2,2,1
45,15,2,2,1
45,16,2,2,1
45,17,2,2,1
45,18,2,2,1
45,19,2,2,1
45,20,2,2,1
45,21,2,2,1
45,22,2,2,1
45,23,2,2,1
45,24,2,2,1
45,25,2,2,1
45,26,2,2,1
45,27,2,2,1
45,28,2,2,1
45,29,2,2,1
45,30,2,2,1
45,31,2,2,1
45,32,2,2,1
45,33,2,2,1
45,34,2,2,1
45,35,2,2,1
45,36,2,2,1
45,37,2,2,1
45,38,2,2,1
45,39,2,2,1
45,40,2,2,1
45,41,2,2,1
45,42,2,2,1
45,43,2,2,1
45,44,2,2,1
45,45,2,2,1
45,46,2,2,1
45,47,2,2,1
45,48,2,2,1
45,49,2,2,1
45,50,2,2,1
45,51,2,2,1
45,52,2,2,1
45,53,2,2,1
45,54,2,2,1
45,55,2,2,1
45,56,2,2,1
45,57,2,2,1
45,58,2,2,1
45,59,2,2,1
45,60,2,2,1
45,61,2,2,1
45,62,2,2,1
45,63,2,2,1
45,64,2,2,1
45,65,2,2,1
45,66,2,2,1
45,67,2,2,1
45,68,2,2,1
45,69,2,2,1
45,70,2,2,1
45,71,2,2,1
45,72,2,2,1
45,73,2,2,1
45,74,2,2,1
45,75,2,2,1
45,76,2,2,1
45,77,2,2,1
45,78,2,2,1
45,79,2,2,1
45,80,2,2,1
45,81,2,2,1
45,82,2,2,1
45,83,2,2,1
45,84,2,2,1
45,85,2,2,1
45,86,2,2,1
45,87,2,2,1
45,88,2,2,1
45,89,2,2,1
45,90,2,2,1
45,91,2,2,1
45,92,2,2,1
45,93,2,2,1
45,94,2,2,1
45,95,2,2,1
45,96,2,2,1
45,97,2,2,1
45,98,2,2,1
45,99,2,2,1
48,0,2,2,1
48,1,2,2,1
48,2,2,2,1
48,3,2,2,1
48,4,2,2,1
48,5,2,2,1
48,6,2,2,1
48,7,2,2,1
48,8,2,2,1
48,9,2,2,1
48,10,2,2,1
48,11,2,2,1
48,12,2,2,1
48,13,2,2,1
48,14,2,2,1
48,15,2,2,1
48,16,2,2,1
48,17,2,2,1
48,18,2,2,1
48,19,2,2,1
48,20,2,2,1
48,21,2,2,1
48,22,2,2,1
48,23,2,2,1
48,24,2,2,1
48,25,2,2,1
48,26,2,2,1
48,27,2,2,1
48,28,2,2,1
48,29,2,2,1
48,30,2,2,1
48,31,2,2,1
48,32,2,2,1
48,33,2,2,1
48,34,2,2,1
48,35,2,2,1
48,36,2,2,1
48,37,2,2,1
48,38,2,2,1
48,39,2,2,1
48,40,2,2,1
48,41,2,2,1
48,42,2,2,1
48,43,2,2,1
48,44,2,2,1
48,45,2,2,1
48,46,2,2,1
48,47,2,2,1
48,48,2,2,1
48,49,2,2,1
48,50,2,2,1
48,51,2,2,1
48,52,2,2,1
48,53,2,2,1
48,54,2,2,1
48,55,2,2,1
48,56,2,2,1
48,57,2,2,1
48,58,2,2,1
48,59,2,2,1
48,60,2,2,1
48,61,2,2,1
48,62,2,2,1
48,63,2,2,1
48,64,2,2,1
48,65,2,2,1
48,66,2,2,1
48,67,2,2,1
48,68,2,2,1
48,69,2,2,1
48,70,2,2,1
48,71,2,2,1
48,72,2,2,1
48,73,2,2,1
48,74,2,2,1
48,75,2,2,1
48,76,2,2,1
48,77,2,2,1
48,78,2,2,1
48,79,2,2,1
48,80,2,2,1
48,81,2,2,1
48,82,2,2,1
48,83,2,2,1
48,84,2,2,1
48,85,2,2,1
48,86,2,2,1
48,87,2,2,1
48,88,2,2,1
48,89,2,2,1
48,90,2,2,1
48,91,2,2,1
48,92,2,2,1
48,93,2,2,1
48,94,2,2,1
48,95,2,2,1
48,96,2,2,1
48,97,2,2,1
48,98,2,2,1
48,99,2,2,1
51,0,2,2,1
51,1,2,2,1
51,2,2,2,1
51,3,2,2,1
51,4,2,2,1
51,5,2,2,1
51,6,2,2,1
51,7,2,2,1
51,8,2,2,1
51,9,2,2,1
51,10,2,2,1
51,11,2,2,1
51,12,2,2,1
51,13,2,2,1
51,14,2,2,1
51,15,2,2,1
51,16,2,2,1
51,17,2,2,1
51,18,2,2,1
51,19,2,2,1
51,20,2,2,1
51,21,2,2,1
51,22,2,2,1
51,23,2,2,1
51,24,2,2,1
51,25,2,2,1
51,26,2,2,1
51,27,2,2,1
51,28,2,2,1
51,29,2,2,1
51,30,2,2,1
51,31,2,2,1
51,32,2,2,1
51,33,2,2,1
51,34,2,2,1
51,35,2,2,1
51,36,2,2,1
51,37,2,2,1
51,38,2,2,1
51,39,2,2,1
51,40,2,2,1
51,41,2,2,1
51,42,2,2,1
51,43,2,2,1
51,44,2,2,1
51,45,2,2,1
51,46,2,2,1
51,47,2,2,1
51,48,2,2,1
51,49,2,2,1
51,50,2,2,1
51,51,2,2,1
51,52,2,2,1
51,53,2,2,1
51,54,2,2,1
51,55,2,2,1
51,56,2,2,1
51,57,2,2,1
51,58,2,2,1
51,59,2,2,1
51,60,2,2,1
51,61,2,2,1
51,62,2,2,1
51,63,2,2,1
51,64,2,2,1
51,65,2,2,1
51,66,2,2,1
51,67,2,2,1
51,68,2,2,1
51,69,2,2,1
51,70,2,2,1
51,71,2,2,1
51,72,2,2,1
51,73,2,2,1
51,74,2,2,1
51,75,2,2,1
51,76,2,2,1
51,77,2,2,1
51,78,2,2,1
51,79,2,2,1
51,80,2,2,1
51,81,2,2,1
51,82,2,2,1
51,83,2,2,1
51,84,2,2,1
51,85,2,2,1
51,86,2,2,1
51,87,2,2,1
51,88,2,2,1
51,89,2,2,1
51,90,2,2,1
51,91,2,2,1
51,92,2,2,1
51,93,2,2,1
51,94,2,2,1
51,95,2,2,1
51,96,2,2,1
51,97,2,2,1
51,98,2,2,1
51,99,2,2,1
54,0,2,2,1
54,1,2,2,1
54,2,2,2,1
54,3,2,2,1
54,4,2,2,1
54,5,2,2,1
54,6,2,2,1
54,7,2,2,1
54,8,2,2,1
54,9,2,2,1
54,10,2,2,1
54,11,2,2,1
54,12,2,2,1
54,13,2,2,1
54,14,2,2,1
54,15,2,2,1
54,16,2,2,1
54,17,2,2,1
54,18,2,2,1
54,19,2,2,1
54,20,2,2,1
54,21,2,2,1
54,22,2,2,1
54,23,2,2,1
54,24,2,2,1
54,25,2,2,1
54,26,2,2,1
54,27,2,2,1
54,28,2,2,1
54,29,2,2,1
54,30,2,2,1
54,31,2,2,1
54,32,2,2,1
54,33,2,2,1
54,34,2,2,1
54,35,2,2,1
54,36,2,2,1
54,37,2,2,1
54,38,2,2,1
54,39,2,2,1
54,40,2,2,1
54,41,2,2,1
54,42,2,2,1
54,43,2,2,1
54,44,2,2,1
54,45,2,2,1
54,46,2,2,1
54,47,2,2,1
54,48,2,2,1
54,49,2,2,1
54,50,2,2,1
54,51,2,2,1
54,52,2,2,1
54,53,2,2,1
54,54,2,2,1
54,55,2,2,1
54,56,2,2,1
54,57,2,2,1
54,58,2,2,1
54,59,2,2,1
54,60,2,2,1
54,61,2,2,1
54,62,2,2,1
54,63,2,2,1
54,64,2,2,1
54,65,2,2,1
54,66,2,2,1
54,67,2,2,1
54,68,2,2,1
54,69,2,2,1
54,70,2,2,1
54,71,2,2,1
54,72,2,2,1
54,73,2,2,1
54,74,2,2,1
54,75,2,2,1
54,76,2,2,1
54,77,2,2,1
54,78,2,2,1
54,79,2,2,1
54,80,2,2,1
54,81,2,2,1
54,82,2,2,1
54,83,2,2,1
54,84,2,2,1
54,85,2,2,1
54,86,2,2,1
54,87,2,2,1
54,88,2,2,1
54,89,2,2,1
54,90,2,2,1
54,91,2,2,1
54,92,2,2,1
54,93,2,2,1
54,94,2,2,1
54,95,2,2,1
54,96,2,2,1
54,97,2,2,1
54,98,2,2,1
54,99,2,2,1
