n_train,fraction,p_unique,ci_lo,ci_hi,median_lambda3_given_unique
3,0.0545455,0,0,0.0038269,nan
6,0.109091,0,0,0.0038269,nan
9,0.163636,0,0,0.0038269,nan
12,0.218182,0,0,0.0038269,nan
15,0.272727,0,0,0.0038269,nan
18,0.327273,0.038,0.0278088,0.0517272,0.00530716
21,0.381818,0.31,0.282107,0.339347,0.0069264
24,0.436364,0.698,0.66883,0.725655,0.0102077
27,0.490909,0.914,0.895,0.929832,0.0153394
30,0.545455,0.981,0.970515,0.987803,0.0222641
33,0.6,0.995,0.988349,0.997862,0.029962
36,0.654545,0.999,0.994357,0.999823,0.0368154
39,0.709091,1,0.996173,1,0.0438212
42,0.763636,1,0.996173,1,0.0512084
45,0.818182,1,0.996173,1,0.0575604
48,0.872727,1,0.996173,1,0.0644163
51,0.927273,1,0.996173,1,0.0727649
54,0.981818,1,0.996173,1,0.0824838
